Workbook

Sheet Settings
A1: AP Precalculus Unit 1 Checkpoint (Lessons 1.1 to 1.10): thresholds
A3: Ready band: total at or above | B3: 0.75
A4: Developing band: total at or above | B4: 0.6
A5: Cluster flag: student cluster score below | B5: 0.6
A6: Cluster review: class cluster average below | B6: 0.7
A7: Group share in Intervention band that triggers a group plan | B7: 0.3
A8: Students flagged on the same cluster that trigger a group plan | B8: 2
A10: Change a yellow cell and every sheet updates. Defaults follow the answer key (section 5).

Sheet Group decision
A1: Group readiness and intervention decision
A3: Students with marks entered | B3: =COUNT(Marks!$AF$7:$AF$18)
A4: Class average total | B4: =IF(B3=0,"",AVERAGE(Marks!$AG$7:$AG$18))
A5: Students in Ready band | B5: =COUNTIF(Marks!$AP$7:$AP$18,"Ready")
A6: Students in Developing band | B6: =COUNTIF(Marks!$AP$7:$AP$18,"Developing")
A7: Students in Intervention band | B7: =COUNTIF(Marks!$AP$7:$AP$18,"Intervention")
A8: Share of group in Intervention band | B8: =IF(B3=0,"",B7/B3)
A10: Cluster | B10: Lessons | C10: Class average | D10: Below class threshold? | E10: Students flagged
A11: C1 Rates of change and concavity | B11: 1.1 to 1.4 | C11: =IF($B$3=0,"",AVERAGE(Marks!$AM$7:$AM$18)) | D11: =IF($B$3=0,"",IF(C11<Settings!$B$6,"Yes","No")) | E11: =COUNTIF(Marks!$AQ$7:$AQ$18,"*C1*")
A12: C2 Polynomial zeros and end behavior | B12: 1.5 to 1.6 | C12: =IF($B$3=0,"",AVERAGE(Marks!$AN$7:$AN$18)) | D12: =IF($B$3=0,"",IF(C12<Settings!$B$6,"Yes","No")) | E12: =COUNTIF(Marks!$AQ$7:$AQ$18,"*C2*")
A13: C3 Rational functions | B13: 1.7 to 1.10 | C13: =IF($B$3=0,"",AVERAGE(Marks!$AO$7:$AO$18)) | D13: =IF($B$3=0,"",IF(C13<Settings!$B$6,"Yes","No")) | E13: =COUNTIF(Marks!$AQ$7:$AQ$18,"*C3*")
A15: Triggers met
A16: Intervention share at or above threshold | B16: =IF(B3=0,"",IF(B8>=Settings!$B$7,"Yes","No"))
A17: A cluster average below threshold | B17: =IF(B3=0,"",IF(COUNTIF(D11:D13,"Yes")>0,"Yes","No"))
A18: Same cluster flagged for enough students | B18: =IF(B3=0,"",IF(MAX(E11:E13)>=Settings!$B$8,"Yes","No"))
A20: DECISION | B20: =IF(B3=0,"Enter marks first",IF(COUNTIF(B16:B18,"Yes")>0,"INTERVENTION PLAN REQUIRED","No group intervention: individual clinics only"))
A21: Weakest cluster to reteach first | B21: =IF(B3=0,"",INDEX(A11:A13,MATCH(MIN(C11:C13),C11:C13,0)))
A23: Mastery by lesson
A24: Lesson | B24: Marks available | C24: Class % earned
A25: 1.1 | B25: =SUMIF(Marks!$C$3:$AE$3,A25,Marks!$C$5:$AE$5) | C25: =IF($B$3=0,"",SUMPRODUCT((Marks!$C$3:$AE$3=A25)*Marks!$C$7:$AE$18)/(B25*$B$3))
A26: 1.2 | B26: =SUMIF(Marks!$C$3:$AE$3,A26,Marks!$C$5:$AE$5) | C26: =IF($B$3=0,"",SUMPRODUCT((Marks!$C$3:$AE$3=A26)*Marks!$C$7:$AE$18)/(B26*$B$3))
A27: 1.3 | B27: =SUMIF(Marks!$C$3:$AE$3,A27,Marks!$C$5:$AE$5) | C27: =IF($B$3=0,"",SUMPRODUCT((Marks!$C$3:$AE$3=A27)*Marks!$C$7:$AE$18)/(B27*$B$3))
A28: 1.4 | B28: =SUMIF(Marks!$C$3:$AE$3,A28,Marks!$C$5:$AE$5) | C28: =IF($B$3=0,"",SUMPRODUCT((Marks!$C$3:$AE$3=A28)*Marks!$C$7:$AE$18)/(B28*$B$3))
A29: 1.5 | B29: =SUMIF(Marks!$C$3:$AE$3,A29,Marks!$C$5:$AE$5) | C29: =IF($B$3=0,"",SUMPRODUCT((Marks!$C$3:$AE$3=A29)*Marks!$C$7:$AE$18)/(B29*$B$3))
A30: 1.6 | B30: =SUMIF(Marks!$C$3:$AE$3,A30,Marks!$C$5:$AE$5) | C30: =IF($B$3=0,"",SUMPRODUCT((Marks!$C$3:$AE$3=A30)*Marks!$C$7:$AE$18)/(B30*$B$3))
A31: 1.7 | B31: =SUMIF(Marks!$C$3:$AE$3,A31,Marks!$C$5:$AE$5) | C31: =IF($B$3=0,"",SUMPRODUCT((Marks!$C$3:$AE$3=A31)*Marks!$C$7:$AE$18)/(B31*$B$3))
A32: 1.8 | B32: =SUMIF(Marks!$C$3:$AE$3,A32,Marks!$C$5:$AE$5) | C32: =IF($B$3=0,"",SUMPRODUCT((Marks!$C$3:$AE$3=A32)*Marks!$C$7:$AE$18)/(B32*$B$3))
A33: 1.9 | B33: =SUMIF(Marks!$C$3:$AE$3,A33,Marks!$C$5:$AE$5) | C33: =IF($B$3=0,"",SUMPRODUCT((Marks!$C$3:$AE$3=A33)*Marks!$C$7:$AE$18)/(B33*$B$3))
A34: 1.10 | B34: =SUMIF(Marks!$C$3:$AE$3,A34,Marks!$C$5:$AE$5) | C34: =IF($B$3=0,"",SUMPRODUCT((Marks!$C$3:$AE$3=A34)*Marks!$C$7:$AE$18)/(B34*$B$3))
A36: Mark map: C1 = lessons 1.1 to 1.4 (15 marks), C2 = 1.5 to 1.6 (6 marks), C3 = 1.7 to 1.10 (8 marks).

Sheet Marks
A1: Marks entry: type 1 for a mark earned and 0 for a mark not earned in each part (yellow cells only).
A3: Lesson | C3: 1.3 | D3: 1.3 | E3: 1.2 | F3: 1.2 | G3: 1.4 | H3: 1.3 | I3: 1.2 | J3: 1.2 | K3: 1.4 | L3: 1.2 | M3: 1.2 | N3: 1.4 | O3: 1.5 | P3: 1.6 | Q3: 1.1 | R3: 1.2 | S3: 1.4 | T3: 1.5 | U3: 1.5 | V3: 1.6 | W3: 1.5 | X3: 1.10 | Y3: 1.10 | Z3: 1.8 | AA3: 1.8 | AB3: 1.9 | AC3: 1.9 | AD3: 1.7 | AE3: 1.7
A4: Cluster | C4: C1 | D4: C1 | E4: C1 | F4: C1 | G4: C1 | H4: C1 | I4: C1 | J4: C1 | K4: C1 | L4: C1 | M4: C1 | N4: C1 | O4: C2 | P4: C2 | Q4: C1 | R4: C1 | S4: C1 | T4: C2 | U4: C2 | V4: C2 | W4: C2 | X4: C3 | Y4: C3 | Z4: C3 | AA4: C3 | AB4: C3 | AC4: C3 | AD4: C3 | AE4: C3
A5: Max marks | C5: 1 | D5: 1 | E5: 1 | F5: 1 | G5: 1 | H5: 1 | I5: 1 | J5: 1 | K5: 1 | L5: 1 | M5: 1 | N5: 1 | O5: 1 | P5: 1 | Q5: 1 | R5: 1 | S5: 1 | T5: 1 | U5: 1 | V5: 1 | W5: 1 | X5: 1 | Y5: 1 | Z5: 1 | AA5: 1 | AB5: 1 | AC5: 1 | AD5: 1 | AE5: 1
A6: # | B6: Student | C6: Q1 A(i) | D6: Q1 A(ii) | E6: Q1 B(i) | F6: Q1 B(ii) | G6: Q1 B(iii) | H6: Q1 C | I6: Q2 B(i) | J6: Q2 B(ii) | K6: Q2 B(iii) | L6: Q3 B(i) | M6: Q3 B(ii) | N6: Q3 B(iii) | O6: Q4 B(i) | P6: Q4 B(ii) | Q6: Q5 A | R6: Q5 B | S6: Q5 C | T6: Q6 A | U6: Q6 B | V6: Q6 C | W6: Q6 D | X6: Q7 A(i) | Y6: Q7 A(ii) | Z6: Q7 B(i) | AA6: Q7 B(ii) | AB6: Q7 C(i) | AC6: Q7 C(ii) | AD6: Q7 D(i) | AE6: Q7 D(ii) | AF6: Total /29 | AG6: Total % | AH6: Part A /14 | AI6: Part B /15 | AJ6: C1 /15 | AK6: C2 /6 | AL6: C3 /8 | AM6: C1 % | AN6: C2 % | AO6: C3 % | AP6: Band | AQ6: Flagged clusters
A7: 1 | AF7: =IF(COUNT(C7:AE7)=0,"",SUM(C7:AE7)) | AG7: =IF(AF7="","",AF7/SUM($C$5:$AE$5)) | AH7: =IF(AF7="","",SUM(C7:P7)) | AI7: =IF(AF7="","",SUM(Q7:AE7)) | AJ7: =IF(AF7="","",SUMIF($C$4:$AE$4,"C1",C7:AE7)) | AK7: =IF(AF7="","",SUMIF($C$4:$AE$4,"C2",C7:AE7)) | AL7: =IF(AF7="","",SUMIF($C$4:$AE$4,"C3",C7:AE7)) | AM7: =IF(AF7="","",AJ7/SUMIF($C$4:$AE$4,"C1",$C$5:$AE$5)) | AN7: =IF(AF7="","",AK7/SUMIF($C$4:$AE$4,"C2",$C$5:$AE$5)) | AO7: =IF(AF7="","",AL7/SUMIF($C$4:$AE$4,"C3",$C$5:$AE$5)) | AP7: =IF(AF7="","",IF(AG7>=Settings!$B$3,"Ready",IF(AG7>=Settings!$B$4,"Developing","Intervention"))) | AQ7: =IF(AF7="","",TRIM(IF(AM7<Settings!$B$5,"C1 ","")&IF(AN7<Settings!$B$5,"C2 ","")&IF(AO7<Settings!$B$5,"C3","")))
A8: 2 | AF8: =IF(COUNT(C8:AE8)=0,"",SUM(C8:AE8)) | AG8: =IF(AF8="","",AF8/SUM($C$5:$AE$5)) | AH8: =IF(AF8="","",SUM(C8:P8)) | AI8: =IF(AF8="","",SUM(Q8:AE8)) | AJ8: =IF(AF8="","",SUMIF($C$4:$AE$4,"C1",C8:AE8)) | AK8: =IF(AF8="","",SUMIF($C$4:$AE$4,"C2",C8:AE8)) | AL8: =IF(AF8="","",SUMIF($C$4:$AE$4,"C3",C8:AE8)) | AM8: =IF(AF8="","",AJ8/SUMIF($C$4:$AE$4,"C1",$C$5:$AE$5)) | AN8: =IF(AF8="","",AK8/SUMIF($C$4:$AE$4,"C2",$C$5:$AE$5)) | AO8: =IF(AF8="","",AL8/SUMIF($C$4:$AE$4,"C3",$C$5:$AE$5)) | AP8: =IF(AF8="","",IF(AG8>=Settings!$B$3,"Ready",IF(AG8>=Settings!$B$4,"Developing","Intervention"))) | AQ8: =IF(AF8="","",TRIM(IF(AM8<Settings!$B$5,"C1 ","")&IF(AN8<Settings!$B$5,"C2 ","")&IF(AO8<Settings!$B$5,"C3","")))
A9: 3 | AF9: =IF(COUNT(C9:AE9)=0,"",SUM(C9:AE9)) | AG9: =IF(AF9="","",AF9/SUM($C$5:$AE$5)) | AH9: =IF(AF9="","",SUM(C9:P9)) | AI9: =IF(AF9="","",SUM(Q9:AE9)) | AJ9: =IF(AF9="","",SUMIF($C$4:$AE$4,"C1",C9:AE9)) | AK9: =IF(AF9="","",SUMIF($C$4:$AE$4,"C2",C9:AE9)) | AL9: =IF(AF9="","",SUMIF($C$4:$AE$4,"C3",C9:AE9)) | AM9: =IF(AF9="","",AJ9/SUMIF($C$4:$AE$4,"C1",$C$5:$AE$5)) | AN9: =IF(AF9="","",AK9/SUMIF($C$4:$AE$4,"C2",$C$5:$AE$5)) | AO9: =IF(AF9="","",AL9/SUMIF($C$4:$AE$4,"C3",$C$5:$AE$5)) | AP9: =IF(AF9="","",IF(AG9>=Settings!$B$3,"Ready",IF(AG9>=Settings!$B$4,"Developing","Intervention"))) | AQ9: =IF(AF9="","",TRIM(IF(AM9<Settings!$B$5,"C1 ","")&IF(AN9<Settings!$B$5,"C2 ","")&IF(AO9<Settings!$B$5,"C3","")))
A10: 4 | AF10: =IF(COUNT(C10:AE10)=0,"",SUM(C10:AE10)) | AG10: =IF(AF10="","",AF10/SUM($C$5:$AE$5)) | AH10: =IF(AF10="","",SUM(C10:P10)) | AI10: =IF(AF10="","",SUM(Q10:AE10)) | AJ10: =IF(AF10="","",SUMIF($C$4:$AE$4,"C1",C10:AE10)) | AK10: =IF(AF10="","",SUMIF($C$4:$AE$4,"C2",C10:AE10)) | AL10: =IF(AF10="","",SUMIF($C$4:$AE$4,"C3",C10:AE10)) | AM10: =IF(AF10="","",AJ10/SUMIF($C$4:$AE$4,"C1",$C$5:$AE$5)) | AN10: =IF(AF10="","",AK10/SUMIF($C$4:$AE$4,"C2",$C$5:$AE$5)) | AO10: =IF(AF10="","",AL10/SUMIF($C$4:$AE$4,"C3",$C$5:$AE$5)) | AP10: =IF(AF10="","",IF(AG10>=Settings!$B$3,"Ready",IF(AG10>=Settings!$B$4,"Developing","Intervention"))) | AQ10: =IF(AF10="","",TRIM(IF(AM10<Settings!$B$5,"C1 ","")&IF(AN10<Settings!$B$5,"C2 ","")&IF(AO10<Settings!$B$5,"C3","")))
A11: 5 | AF11: =IF(COUNT(C11:AE11)=0,"",SUM(C11:AE11)) | AG11: =IF(AF11="","",AF11/SUM($C$5:$AE$5)) | AH11: =IF(AF11="","",SUM(C11:P11)) | AI11: =IF(AF11="","",SUM(Q11:AE11)) | AJ11: =IF(AF11="","",SUMIF($C$4:$AE$4,"C1",C11:AE11)) | AK11: =IF(AF11="","",SUMIF($C$4:$AE$4,"C2",C11:AE11)) | AL11: =IF(AF11="","",SUMIF($C$4:$AE$4,"C3",C11:AE11)) | AM11: =IF(AF11="","",AJ11/SUMIF($C$4:$AE$4,"C1",$C$5:$AE$5)) | AN11: =IF(AF11="","",AK11/SUMIF($C$4:$AE$4,"C2",$C$5:$AE$5)) | AO11: =IF(AF11="","",AL11/SUMIF($C$4:$AE$4,"C3",$C$5:$AE$5)) | AP11: =IF(AF11="","",IF(AG11>=Settings!$B$3,"Ready",IF(AG11>=Settings!$B$4,"Developing","Intervention"))) | AQ11: =IF(AF11="","",TRIM(IF(AM11<Settings!$B$5,"C1 ","")&IF(AN11<Settings!$B$5,"C2 ","")&IF(AO11<Settings!$B$5,"C3","")))
A12: 6 | AF12: =IF(COUNT(C12:AE12)=0,"",SUM(C12:AE12)) | AG12: =IF(AF12="","",AF12/SUM($C$5:$AE$5)) | AH12: =IF(AF12="","",SUM(C12:P12)) | AI12: =IF(AF12="","",SUM(Q12:AE12)) | AJ12: =IF(AF12="","",SUMIF($C$4:$AE$4,"C1",C12:AE12)) | AK12: =IF(AF12="","",SUMIF($C$4:$AE$4,"C2",C12:AE12)) | AL12: =IF(AF12="","",SUMIF($C$4:$AE$4,"C3",C12:AE12)) | AM12: =IF(AF12="","",AJ12/SUMIF($C$4:$AE$4,"C1",$C$5:$AE$5)) | AN12: =IF(AF12="","",AK12/SUMIF($C$4:$AE$4,"C2",$C$5:$AE$5)) | AO12: =IF(AF12="","",AL12/SUMIF($C$4:$AE$4,"C3",$C$5:$AE$5)) | AP12: =IF(AF12="","",IF(AG12>=Settings!$B$3,"Ready",IF(AG12>=Settings!$B$4,"Developing","Intervention"))) | AQ12: =IF(AF12="","",TRIM(IF(AM12<Settings!$B$5,"C1 ","")&IF(AN12<Settings!$B$5,"C2 ","")&IF(AO12<Settings!$B$5,"C3","")))
A13: 7 | AF13: =IF(COUNT(C13:AE13)=0,"",SUM(C13:AE13)) | AG13: =IF(AF13="","",AF13/SUM($C$5:$AE$5)) | AH13: =IF(AF13="","",SUM(C13:P13)) | AI13: =IF(AF13="","",SUM(Q13:AE13)) | AJ13: =IF(AF13="","",SUMIF($C$4:$AE$4,"C1",C13:AE13)) | AK13: =IF(AF13="","",SUMIF($C$4:$AE$4,"C2",C13:AE13)) | AL13: =IF(AF13="","",SUMIF($C$4:$AE$4,"C3",C13:AE13)) | AM13: =IF(AF13="","",AJ13/SUMIF($C$4:$AE$4,"C1",$C$5:$AE$5)) | AN13: =IF(AF13="","",AK13/SUMIF($C$4:$AE$4,"C2",$C$5:$AE$5)) | AO13: =IF(AF13="","",AL13/SUMIF($C$4:$AE$4,"C3",$C$5:$AE$5)) | AP13: =IF(AF13="","",IF(AG13>=Settings!$B$3,"Ready",IF(AG13>=Settings!$B$4,"Developing","Intervention"))) | AQ13: =IF(AF13="","",TRIM(IF(AM13<Settings!$B$5,"C1 ","")&IF(AN13<Settings!$B$5,"C2 ","")&IF(AO13<Settings!$B$5,"C3","")))
A14: 8 | AF14: =IF(COUNT(C14:AE14)=0,"",SUM(C14:AE14)) | AG14: =IF(AF14="","",AF14/SUM($C$5:$AE$5)) | AH14: =IF(AF14="","",SUM(C14:P14)) | AI14: =IF(AF14="","",SUM(Q14:AE14)) | AJ14: =IF(AF14="","",SUMIF($C$4:$AE$4,"C1",C14:AE14)) | AK14: =IF(AF14="","",SUMIF($C$4:$AE$4,"C2",C14:AE14)) | AL14: =IF(AF14="","",SUMIF($C$4:$AE$4,"C3",C14:AE14)) | AM14: =IF(AF14="","",AJ14/SUMIF($C$4:$AE$4,"C1",$C$5:$AE$5)) | AN14: =IF(AF14="","",AK14/SUMIF($C$4:$AE$4,"C2",$C$5:$AE$5)) | AO14: =IF(AF14="","",AL14/SUMIF($C$4:$AE$4,"C3",$C$5:$AE$5)) | AP14: =IF(AF14="","",IF(AG14>=Settings!$B$3,"Ready",IF(AG14>=Settings!$B$4,"Developing","Intervention"))) | AQ14: =IF(AF14="","",TRIM(IF(AM14<Settings!$B$5,"C1 ","")&IF(AN14<Settings!$B$5,"C2 ","")&IF(AO14<Settings!$B$5,"C3","")))
A15: 9 | AF15: =IF(COUNT(C15:AE15)=0,"",SUM(C15:AE15)) | AG15: =IF(AF15="","",AF15/SUM($C$5:$AE$5)) | AH15: =IF(AF15="","",SUM(C15:P15)) | AI15: =IF(AF15="","",SUM(Q15:AE15)) | AJ15: =IF(AF15="","",SUMIF($C$4:$AE$4,"C1",C15:AE15)) | AK15: =IF(AF15="","",SUMIF($C$4:$AE$4,"C2",C15:AE15)) | AL15: =IF(AF15="","",SUMIF($C$4:$AE$4,"C3",C15:AE15)) | AM15: =IF(AF15="","",AJ15/SUMIF($C$4:$AE$4,"C1",$C$5:$AE$5)) | AN15: =IF(AF15="","",AK15/SUMIF($C$4:$AE$4,"C2",$C$5:$AE$5)) | AO15: =IF(AF15="","",AL15/SUMIF($C$4:$AE$4,"C3",$C$5:$AE$5)) | AP15: =IF(AF15="","",IF(AG15>=Settings!$B$3,"Ready",IF(AG15>=Settings!$B$4,"Developing","Intervention"))) | AQ15: =IF(AF15="","",TRIM(IF(AM15<Settings!$B$5,"C1 ","")&IF(AN15<Settings!$B$5,"C2 ","")&IF(AO15<Settings!$B$5,"C3","")))
A16: 10 | AF16: =IF(COUNT(C16:AE16)=0,"",SUM(C16:AE16)) | AG16: =IF(AF16="","",AF16/SUM($C$5:$AE$5)) | AH16: =IF(AF16="","",SUM(C16:P16)) | AI16: =IF(AF16="","",SUM(Q16:AE16)) | AJ16: =IF(AF16="","",SUMIF($C$4:$AE$4,"C1",C16:AE16)) | AK16: =IF(AF16="","",SUMIF($C$4:$AE$4,"C2",C16:AE16)) | AL16: =IF(AF16="","",SUMIF($C$4:$AE$4,"C3",C16:AE16)) | AM16: =IF(AF16="","",AJ16/SUMIF($C$4:$AE$4,"C1",$C$5:$AE$5)) | AN16: =IF(AF16="","",AK16/SUMIF($C$4:$AE$4,"C2",$C$5:$AE$5)) | AO16: =IF(AF16="","",AL16/SUMIF($C$4:$AE$4,"C3",$C$5:$AE$5)) | AP16: =IF(AF16="","",IF(AG16>=Settings!$B$3,"Ready",IF(AG16>=Settings!$B$4,"Developing","Intervention"))) | AQ16: =IF(AF16="","",TRIM(IF(AM16<Settings!$B$5,"C1 ","")&IF(AN16<Settings!$B$5,"C2 ","")&IF(AO16<Settings!$B$5,"C3","")))
A17: 11 | AF17: =IF(COUNT(C17:AE17)=0,"",SUM(C17:AE17)) | AG17: =IF(AF17="","",AF17/SUM($C$5:$AE$5)) | AH17: =IF(AF17="","",SUM(C17:P17)) | AI17: =IF(AF17="","",SUM(Q17:AE17)) | AJ17: =IF(AF17="","",SUMIF($C$4:$AE$4,"C1",C17:AE17)) | AK17: =IF(AF17="","",SUMIF($C$4:$AE$4,"C2",C17:AE17)) | AL17: =IF(AF17="","",SUMIF($C$4:$AE$4,"C3",C17:AE17)) | AM17: =IF(AF17="","",AJ17/SUMIF($C$4:$AE$4,"C1",$C$5:$AE$5)) | AN17: =IF(AF17="","",AK17/SUMIF($C$4:$AE$4,"C2",$C$5:$AE$5)) | AO17: =IF(AF17="","",AL17/SUMIF($C$4:$AE$4,"C3",$C$5:$AE$5)) | AP17: =IF(AF17="","",IF(AG17>=Settings!$B$3,"Ready",IF(AG17>=Settings!$B$4,"Developing","Intervention"))) | AQ17: =IF(AF17="","",TRIM(IF(AM17<Settings!$B$5,"C1 ","")&IF(AN17<Settings!$B$5,"C2 ","")&IF(AO17<Settings!$B$5,"C3","")))
A18: 12 | AF18: =IF(COUNT(C18:AE18)=0,"",SUM(C18:AE18)) | AG18: =IF(AF18="","",AF18/SUM($C$5:$AE$5)) | AH18: =IF(AF18="","",SUM(C18:P18)) | AI18: =IF(AF18="","",SUM(Q18:AE18)) | AJ18: =IF(AF18="","",SUMIF($C$4:$AE$4,"C1",C18:AE18)) | AK18: =IF(AF18="","",SUMIF($C$4:$AE$4,"C2",C18:AE18)) | AL18: =IF(AF18="","",SUMIF($C$4:$AE$4,"C3",C18:AE18)) | AM18: =IF(AF18="","",AJ18/SUMIF($C$4:$AE$4,"C1",$C$5:$AE$5)) | AN18: =IF(AF18="","",AK18/SUMIF($C$4:$AE$4,"C2",$C$5:$AE$5)) | AO18: =IF(AF18="","",AL18/SUMIF($C$4:$AE$4,"C3",$C$5:$AE$5)) | AP18: =IF(AF18="","",IF(AG18>=Settings!$B$3,"Ready",IF(AG18>=Settings!$B$4,"Developing","Intervention"))) | AQ18: =IF(AF18="","",TRIM(IF(AM18<Settings!$B$5,"C1 ","")&IF(AN18<Settings!$B$5,"C2 ","")&IF(AO18<Settings!$B$5,"C3","")))
B20: Class % correct per part | C20: =IF(COUNT(C7:C18)=0,"",AVERAGE(C7:C18)) | D20: =IF(COUNT(D7:D18)=0,"",AVERAGE(D7:D18)) | E20: =IF(COUNT(E7:E18)=0,"",AVERAGE(E7:E18)) | F20: =IF(COUNT(F7:F18)=0,"",AVERAGE(F7:F18)) | G20: =IF(COUNT(G7:G18)=0,"",AVERAGE(G7:G18)) | H20: =IF(COUNT(H7:H18)=0,"",AVERAGE(H7:H18)) | I20: =IF(COUNT(I7:I18)=0,"",AVERAGE(I7:I18)) | J20: =IF(COUNT(J7:J18)=0,"",AVERAGE(J7:J18)) | ... AE20: =IF(COUNT(AE7:AE18)=0,"",AVERAGE(AE7:AE18))
